type,item_code,stock_id,description,category,units,dummy,mb_flag,price,dimension,
ITEM,MLB1-AF1-BLACK,MLB1-AF1-BLACK,WH-9,Fascinators,ea.,,B,,Max & Ellie Winter 2011,
ITEM,MLB1-AF1-NAVY,MLB1-AF1-NAVY,WH-9,Fascinators,ea.,,B,,Max & Ellie Winter 2011,
ITEM,MLB1-AF1-CREAM,MLB1-AF1-CREAM,WH-9,Fascinators,ea.,,B,,Max & Ellie Winter 2011,
ITEM,MLB1-AF1-WHITE,MLB1-AF1-WHITE,WH-9,Fascinators,ea.,,B,,Max & Ellie Winter 2011,
ITEM,MLB1-AF1-SILVER,MLB1-AF1-SILVER,WH-9,Fascinators,ea.,,B,,Max & Ellie Winter 2011,
ITEM,MLB1-AF1-PEWTER,MLB1-AF1-PEWTER,WH-9,Fascinators,ea.,,B,,Max & Ellie Winter 2011,
ITEM,MLB1-AF1-TAUPE,MLB1-AF1-TAUPE,WH-9,Fascinators,ea.,,B,,Max & Ellie Winter 2011,
ITEM,MLB1-AF1-OYSTER,MLB1-AF1-OYSTER,WH-9,Fascinators,ea.,,B,,Max & Ellie Winter 2011,
ITEM,MLB1-AF1-OCEAN,MLB1-AF1-OCEAN,WH-9,Fascinators,ea.,,B,,Max & Ellie Winter 2011,
ITEM,MLB1-AF1-RASPBERRY,MLB1-AF1-RASPBERRY,WH-9,Fascinators,ea.,,B,,Max & Ellie Winter 2011,
ITEM,MLB1-AF1-PURPLE,MLB1-AF1-PURPLE,WH-9,Fascinators,ea.,,B,,Max & Ellie Winter 2011,
ITEM,MLB1-AF1-COBALT,MLB1-AF1-COBALT,WH-9,Fascinators,ea.,,B,,Max & Ellie Winter 2011,
ITEM,MLB1-AF1-LAVENDER,MLB1-AF1-LAVENDER,WH-9,Fascinators,ea.,,B,,Max & Ellie Winter 2011,
ITEM,MLB1-AF1-RED,MLB1-AF1-RED,WH-9,Fascinators,ea.,,B,,Max & Ellie Winter 2011,
ITEM,MLB1-AF1-NATURAL,MLB1-AF1-NATURAL,WH-9,Fascinators,ea.,,B,,Max & Ellie Winter 2011,
ITEM,MLB1-AF1-PALE PINK,MLB1-AF1-PALE PINK,WH-9,Fascinators,ea.,,B,,Max & Ellie Winter 2011,
ITEM,MLB1-AF1-CITRUS,MLB1-AF1-CITRUS,WH-9,Fascinators,ea.,,B,,Max & Ellie Winter 2011,
ITEM,MLB1-AF1-FUSCHIA,MLB1-AF1-FUSCHIA,WH-9,Fascinators,ea.,,B,,Max & Ellie Winter 2011,
ITEM,MLB1-AF1-VIOLET,MLB1-AF1-VIOLET,WH-9,Fascinators,ea.,,B,,Max & Ellie Winter 2011,
ITEM,MLB1-AF1-EMERALD,MLB1-AF1-EMERALD,WH-9,Fascinators,ea.,,B,,Max & Ellie Winter 2011,
ITEM,MLB1-AF1-SAPPHIRE,MLB1-AF1-SAPPHIRE,WH-9,Fascinators,ea.,,B,,Max & Ellie Winter 2011,
ITEM,MLB1-AF1-CLARET,MLB1-AF1-CLARET,WH-9,Fascinators,ea.,,B,,Max & Ellie Winter 2011,
ITEM,MLB1-AF1-MOCCHA,MLB1-AF1-MOCCHA,WH-9,Fascinators,ea.,,B,,Max & Ellie Winter 2011,
ITEM,MLB1-AF1-GOLD,MLB1-AF1-GOLD,WH-9,Fascinators,ea.,,B,,Max & Ellie Winter 2011,
ITEM,MLB1-AF1-CLOVER,MLB1-AF1-CLOVER,WH-9,Fascinators,ea.,,B,,Max & Ellie Winter 2011,
ITEM,MLB1-AF1-MINK,MLB1-AF1-MINK,WH-9,Fascinators,ea.,,B,,Max & Ellie Winter 2011,
ITEM,MLB1-AF1-CHOCK,MLB1-AF1-CHOCK,WH-9,Fascinators,ea.,,B,,Max & Ellie Winter 2011,
ITEM,MLB1-AF1-CERISE,MLB1-AF1-CERISE,WH-9,Fascinators,ea.,,B,,Max & Ellie Winter 2011,
ITEM,MLB1-AF1-TURQ,MLB1-AF1-TURQ,WH-9,Fascinators,ea.,,B,,Max & Ellie Winter 2011,
ITEM,MLB1-AF1-MOSS,MLB1-AF1-MOSS,WH-9,Fascinators,ea.,,B,,Max & Ellie Winter 2011,
ITEM,MLB1-AF1-DENIM,MLB1-AF1-DENIM,WH-9,Fascinators,ea.,,B,,Max & Ellie Winter 2011,
ITEM,MLB1-AF1-GREEN,MLB1-AF1-GREEN,WH-9,Fascinators,ea.,,B,,Max & Ellie Winter 2011,
ITEM,MLB1-AF1-MANDARIN,MLB1-AF1-MANDARIN,WH-9,Fascinators,ea.,,B,,Max & Ellie Winter 2011,
ITEM,MLB1-AF1-BLACK POLKA,MLB1-AF1-BLACK POLKA,WH-9,Fascinators,ea.,,B,,Max & Ellie Winter 2011,
ITEM,MLB1-AF1-WHITE POLKA,MLB1-AF1-WHITE POLKA,WH-9,Fascinators,ea.,,B,,Max & Ellie Winter 2011,
ITEM,MLB1-AF2-BLACK,MLB1-AF2-BLACK,WH-10,Fascinators,ea.,,B,,,
ITEM,MLB1-AF2-NAVY,MLB1-AF2-NAVY,WH-10,Fascinators,ea.,,B,,,
ITEM,MLB1-AF2-CREAM,MLB1-AF2-CREAM,WH-10,Fascinators,ea.,,B,,,
ITEM,MLB1-AF2-WHITE,MLB1-AF2-WHITE,WH-10,Fascinators,ea.,,B,,,
ITEM,MLB1-AF2-SILVER,MLB1-AF2-SILVER,WH-10,Fascinators,ea.,,B,,,
ITEM,MLB1-AF2-PEWTER,MLB1-AF2-PEWTER,WH-10,Fascinators,ea.,,B,,,
ITEM,MLB1-AF2-TAUPE,MLB1-AF2-TAUPE,WH-10,Fascinators,ea.,,B,,,
ITEM,MLB1-AF2-OYSTER,MLB1-AF2-OYSTER,WH-10,Fascinators,ea.,,B,,,
ITEM,MLB1-AF2-OCEAN,MLB1-AF2-OCEAN,WH-10,Fascinators,ea.,,B,,,
ITEM,MLB1-AF2-RASPBERRY,MLB1-AF2-RASPBERRY,WH-10,Fascinators,ea.,,B,,,
ITEM,MLB1-AF2-PURPLE,MLB1-AF2-PURPLE,WH-10,Fascinators,ea.,,B,,,
ITEM,MLB1-AF2-COBALT,MLB1-AF2-COBALT,WH-10,Fascinators,ea.,,B,,,
ITEM,MLB1-AF2-LAVENDER,MLB1-AF2-LAVENDER,WH-10,Fascinators,ea.,,B,,,
ITEM,MLB1-AF2-RED,MLB1-AF2-RED,WH-10,Fascinators,ea.,,B,,,
ITEM,MLB1-AF2-NATURAL,MLB1-AF2-NATURAL,WH-10,Fascinators,ea.,,B,,,
ITEM,MLB1-AF2-PALE PINK,MLB1-AF2-PALE PINK,WH-10,Fascinators,ea.,,B,,,
ITEM,MLB1-AF2-CITRUS,MLB1-AF2-CITRUS,WH-10,Fascinators,ea.,,B,,,
ITEM,MLB1-AF2-FUSCHIA,MLB1-AF2-FUSCHIA,WH-10,Fascinators,ea.,,B,,,
ITEM,MLB1-AF2-VIOLET,MLB1-AF2-VIOLET,WH-10,Fascinators,ea.,,B,,,
ITEM,MLB1-AF2-EMERALD,MLB1-AF2-EMERALD,WH-10,Fascinators,ea.,,B,,,
ITEM,MLB1-AF2-SAPPHIRE,MLB1-AF2-SAPPHIRE,WH-10,Fascinators,ea.,,B,,,
ITEM,MLB1-AF2-CLARET,MLB1-AF2-CLARET,WH-10,Fascinators,ea.,,B,,,
ITEM,MLB1-AF2-MOCCHA,MLB1-AF2-MOCCHA,WH-10,Fascinators,ea.,,B,,,
ITEM,MLB1-AF2-GOLD,MLB1-AF2-GOLD,WH-10,Fascinators,ea.,,B,,,
ITEM,MLB1-AF2-CLOVER,MLB1-AF2-CLOVER,WH-10,Fascinators,ea.,,B,,,
ITEM,MLB1-AF2-MINK,MLB1-AF2-MINK,WH-10,Fascinators,ea.,,B,,,
ITEM,MLB1-AF2-CHOCK,MLB1-AF2-CHOCK,WH-10,Fascinators,ea.,,B,,,
ITEM,MLB1-AF2-CERISE,MLB1-AF2-CERISE,WH-10,Fascinators,ea.,,B,,,
ITEM,MLB1-AF2-TURQ,MLB1-AF2-TURQ,WH-10,Fascinators,ea.,,B,,,
ITEM,MLB1-AF2-MOSS,MLB1-AF2-MOSS,WH-10,Fascinators,ea.,,B,,,
ITEM,MLB1-AF2-DENIM,MLB1-AF2-DENIM,WH-10,Fascinators,ea.,,B,,,
ITEM,MLB1-AF2-GREEN,MLB1-AF2-GREEN,WH-10,Fascinators,ea.,,B,,,
ITEM,MLB1-AF2-MANDARIN,MLB1-AF2-MANDARIN,WH-10,Fascinators,ea.,,B,,,
ITEM,MLB1-AF2-BLACK POLKA,MLB1-AF2-BLACK POLKA,WH-10,Fascinators,ea.,,B,,,
ITEM,MLB1-AF2-WHITE POLKA,MLB1-AF2-WHITE POLKA,WH-10,Fascinators,ea.,,B,,,
ITEM,MLB1-AF3-BLACK,MLB1-AF3-BLACK,WH-11,Fascinators,ea.,,B,,Max & Ellie Winter 2011,
ITEM,MLB1-AF3-NAVY,MLB1-AF3-NAVY,WH-11,Fascinators,ea.,,B,,Max & Ellie Winter 2011,
ITEM,MLB1-AF3-CREAM,MLB1-AF3-CREAM,WH-11,Fascinators,ea.,,B,,Max & Ellie Winter 2011,
ITEM,MLB1-AF3-WHITE,MLB1-AF3-WHITE,WH-11,Fascinators,ea.,,B,,Max & Ellie Winter 2011,
ITEM,MLB1-AF3-SILVER,MLB1-AF3-SILVER,WH-11,Fascinators,ea.,,B,,Max & Ellie Winter 2011,
ITEM,MLB1-AF3-PEWTER,MLB1-AF3-PEWTER,WH-11,Fascinators,ea.,,B,,Max & Ellie Winter 2011,
ITEM,MLB1-AF3-TAUPE,MLB1-AF3-TAUPE,WH-11,Fascinators,ea.,,B,,Max & Ellie Winter 2011,
ITEM,MLB1-AF3-OYSTER,MLB1-AF3-OYSTER,WH-11,Fascinators,ea.,,B,,Max & Ellie Winter 2011,
ITEM,MLB1-AF3-OCEAN,MLB1-AF3-OCEAN,WH-11,Fascinators,ea.,,B,,Max & Ellie Winter 2011,
ITEM,MLB1-AF3-RASPBERRY,MLB1-AF3-RASPBERRY,WH-11,Fascinators,ea.,,B,,Max & Ellie Winter 2011,
ITEM,MLB1-AF3-PURPLE,MLB1-AF3-PURPLE,WH-11,Fascinators,ea.,,B,,Max & Ellie Winter 2011,
ITEM,MLB1-AF3-COBALT,MLB1-AF3-COBALT,WH-11,Fascinators,ea.,,B,,Max & Ellie Winter 2011,
ITEM,MLB1-AF3-LAVENDER,MLB1-AF3-LAVENDER,WH-11,Fascinators,ea.,,B,,Max & Ellie Winter 2011,
ITEM,MLB1-AF3-RED,MLB1-AF3-RED,WH-11,Fascinators,ea.,,B,,Max & Ellie Winter 2011,
ITEM,MLB1-AF3-NATURAL,MLB1-AF3-NATURAL,WH-11,Fascinators,ea.,,B,,Max & Ellie Winter 2011,
ITEM,MLB1-AF3-PALE PINK,MLB1-AF3-PALE PINK,WH-11,Fascinators,ea.,,B,,Max & Ellie Winter 2011,
ITEM,MLB1-AF3-CITRUS,MLB1-AF3-CITRUS,WH-11,Fascinators,ea.,,B,,Max & Ellie Winter 2011,
ITEM,MLB1-AF3-FUSCHIA,MLB1-AF3-FUSCHIA,WH-11,Fascinators,ea.,,B,,Max & Ellie Winter 2011,
ITEM,MLB1-AF3-VIOLET,MLB1-AF3-VIOLET,WH-11,Fascinators,ea.,,B,,Max & Ellie Winter 2011,
ITEM,MLB1-AF3-EMERALD,MLB1-AF3-EMERALD,WH-11,Fascinators,ea.,,B,,Max & Ellie Winter 2011,
ITEM,MLB1-AF3-SAPPHIRE,MLB1-AF3-SAPPHIRE,WH-11,Fascinators,ea.,,B,,Max & Ellie Winter 2011,
ITEM,MLB1-AF3-CLARET,MLB1-AF3-CLARET,WH-11,Fascinators,ea.,,B,,Max & Ellie Winter 2011,
ITEM,MLB1-AF3-MOCCHA,MLB1-AF3-MOCCHA,WH-11,Fascinators,ea.,,B,,Max & Ellie Winter 2011,
ITEM,MLB1-AF3-GOLD,MLB1-AF3-GOLD,WH-11,Fascinators,ea.,,B,,Max & Ellie Winter 2011,
ITEM,MLB1-AF3-CLOVER,MLB1-AF3-CLOVER,WH-11,Fascinators,ea.,,B,,Max & Ellie Winter 2011,
ITEM,MLB1-AF3-MINK,MLB1-AF3-MINK,WH-11,Fascinators,ea.,,B,,Max & Ellie Winter 2011,
ITEM,MLB1-AF3-CHOCK,MLB1-AF3-CHOCK,WH-11,Fascinators,ea.,,B,,Max & Ellie Winter 2011,
ITEM,MLB1-AF3-CERISE,MLB1-AF3-CERISE,WH-11,Fascinators,ea.,,B,,Max & Ellie Winter 2011,
ITEM,MLB1-AF3-TURQ,MLB1-AF3-TURQ,WH-11,Fascinators,ea.,,B,,Max & Ellie Winter 2011,
ITEM,MLB1-AF3-MOSS,MLB1-AF3-MOSS,WH-11,Fascinators,ea.,,B,,Max & Ellie Winter 2011,
ITEM,MLB1-AF3-DENIM,MLB1-AF3-DENIM,WH-11,Fascinators,ea.,,B,,Max & Ellie Winter 2011,
ITEM,MLB1-AF3-GREEN,MLB1-AF3-GREEN,WH-11,Fascinators,ea.,,B,,Max & Ellie Winter 2011,
ITEM,MLB1-AF3-MANDARIN,MLB1-AF3-MANDARIN,WH-11,Fascinators,ea.,,B,,Max & Ellie Winter 2011,
ITEM,MLB1-AF3-BLACK POLKA,MLB1-AF3-BLACK POLKA,WH-11,Fascinators,ea.,,B,,Max & Ellie Winter 2011,
ITEM,MLB1-AF3-WHITE POLKA,MLB1-AF3-WHITE POLKA,WH-11,Fascinators,ea.,,B,,Max & Ellie Winter 2011,
ITEM,MLB1-AX1-BLACK,MLB1-AX1-BLACK,AZ,Hand-bags (ML),ea.,,M,,Max & Ellie Winter 2011,
ITEM,MLB1-AX1-NAVY,MLB1-AX1-NAVY,AZ,Hand-bags (ML),ea.,,M,,Max & Ellie Winter 2011,
ITEM,MLB1-AX1-CREAM,MLB1-AX1-CREAM,AZ,Hand-bags (ML),ea.,,M,,Max & Ellie Winter 2011,
ITEM,MLB1-AX1-WHITE,MLB1-AX1-WHITE,AZ,Hand-bags (ML),ea.,,M,,Max & Ellie Winter 2011,
ITEM,MLB1-AX1-SILVER,MLB1-AX1-SILVER,AZ,Hand-bags (ML),ea.,,M,,Max & Ellie Winter 2011,
ITEM,MLB1-AX1-PEWTER,MLB1-AX1-PEWTER,AZ,Hand-bags (ML),ea.,,M,,Max & Ellie Winter 2011,
ITEM,MLB1-AX1-TAUPE,MLB1-AX1-TAUPE,AZ,Hand-bags (ML),ea.,,M,,Max & Ellie Winter 2011,
ITEM,MLB1-AX1-OYSTER,MLB1-AX1-OYSTER,AZ,Hand-bags (ML),ea.,,M,,Max & Ellie Winter 2011,
ITEM,MLB1-AX1-OCEAN,MLB1-AX1-OCEAN,AZ,Hand-bags (ML),ea.,,M,,Max & Ellie Winter 2011,
ITEM,MLB1-AX1-RASPBERRY,MLB1-AX1-RASPBERRY,AZ,Hand-bags (ML),ea.,,M,,Max & Ellie Winter 2011,
ITEM,MLB1-AX1-PURPLE,MLB1-AX1-PURPLE,AZ,Hand-bags (ML),ea.,,M,,Max & Ellie Winter 2011,
ITEM,MLB1-AX1-COBALT,MLB1-AX1-COBALT,AZ,Hand-bags (ML),ea.,,M,,Max & Ellie Winter 2011,
ITEM,MLB1-AX1-LAVENDER,MLB1-AX1-LAVENDER,AZ,Hand-bags (ML),ea.,,M,,Max & Ellie Winter 2011,
ITEM,MLB1-AX1-RED,MLB1-AX1-RED,AZ,Hand-bags (ML),ea.,,M,,Max & Ellie Winter 2011,
ITEM,MLB1-AX1-NATURAL,MLB1-AX1-NATURAL,AZ,Hand-bags (ML),ea.,,M,,Max & Ellie Winter 2011,
ITEM,MLB1-AX1-PALE PINK,MLB1-AX1-PALE PINK,AZ,Hand-bags (ML),ea.,,M,,Max & Ellie Winter 2011,
ITEM,MLB1-AX1-CITRUS,MLB1-AX1-CITRUS,AZ,Hand-bags (ML),ea.,,M,,Max & Ellie Winter 2011,
ITEM,MLB1-AX1-FUSCHIA,MLB1-AX1-FUSCHIA,AZ,Hand-bags (ML),ea.,,M,,Max & Ellie Winter 2011,
ITEM,MLB1-AX1-VIOLET,MLB1-AX1-VIOLET,AZ,Hand-bags (ML),ea.,,M,,Max & Ellie Winter 2011,
ITEM,MLB1-AX1-EMERALD,MLB1-AX1-EMERALD,AZ,Hand-bags (ML),ea.,,M,,Max & Ellie Winter 2011,
ITEM,MLB1-AX1-SAPPHIRE,MLB1-AX1-SAPPHIRE,AZ,Hand-bags (ML),ea.,,M,,Max & Ellie Winter 2011,
ITEM,MLB1-AX1-CLARET,MLB1-AX1-CLARET,AZ,Hand-bags (ML),ea.,,M,,Max & Ellie Winter 2011,
ITEM,MLB1-AX1-MOCCHA,MLB1-AX1-MOCCHA,AZ,Hand-bags (ML),ea.,,M,,Max & Ellie Winter 2011,
ITEM,MLB1-AX1-GOLD,MLB1-AX1-GOLD,AZ,Hand-bags (ML),ea.,,M,,Max & Ellie Winter 2011,
ITEM,MLB1-AX1-CLOVER,MLB1-AX1-CLOVER,AZ,Hand-bags (ML),ea.,,M,,Max & Ellie Winter 2011,
ITEM,MLB1-AX1-MINK,MLB1-AX1-MINK,AZ,Hand-bags (ML),ea.,,M,,Max & Ellie Winter 2011,
ITEM,MLB1-AX1-CHOCK,MLB1-AX1-CHOCK,AZ,Hand-bags (ML),ea.,,M,,Max & Ellie Winter 2011,
ITEM,MLB1-AX1-CERISE,MLB1-AX1-CERISE,AZ,Hand-bags (ML),ea.,,M,,Max & Ellie Winter 2011,
ITEM,MLB1-AX1-TURQ,MLB1-AX1-TURQ,AZ,Hand-bags (ML),ea.,,M,,Max & Ellie Winter 2011,
ITEM,MLB1-AX1-MOSS,MLB1-AX1-MOSS,AZ,Hand-bags (ML),ea.,,M,,Max & Ellie Winter 2011,
ITEM,MLB1-AX1-DENIM,MLB1-AX1-DENIM,AZ,Hand-bags (ML),ea.,,M,,Max & Ellie Winter 2011,
ITEM,MLB1-AX1-GREEN,MLB1-AX1-GREEN,AZ,Hand-bags (ML),ea.,,M,,Max & Ellie Winter 2011,
ITEM,MLB1-AX1-MANDARIN,MLB1-AX1-MANDARIN,AZ,Hand-bags (ML),ea.,,M,,Max & Ellie Winter 2011,
ITEM,MLB1-AX1-BLACK POLKA,MLB1-AX1-BLACK POLKA,AZ,Hand-bags (ML),ea.,,M,,Max & Ellie Winter 2011,
ITEM,MLB1-AX1-WHITE POLKA,MLB1-AX1-WHITE POLKA,AZ,Hand-bags (ML),ea.,,M,,Max & Ellie Winter 2011,
